אטרקציה,,מחיר מלא,מחיר מוזל,,,,
,,,,,,,
טיולי ג'יפים בארץ הגליל - GO ADVENTURE,,149,129,,,,          
טארגט - טאג,,80,59,,,,
קטיף עצמי בכפר נטר,,,,,,,
פיינטבול ישראל - בית ברל (כפר סבא),,79,50,,,,
"	?סגווי עיר דוד בירושלים	",,69,49,,,,
התרבוש- סיורים בתל אביב,,80,59,,,,
יקב צפרירים,,199,159,,,,
השער לנגב - מרכז המבקרים,,99,49,,,,
חוות מייסטר - יקב בוטיק,,29,19,,,,
דני אפיק טיולי ג`יפים,,129,89,,,,
פראי ישראלי,,299,149,,,,
עידן אופן,,99,59,,,,
גן וחיות - קיבוץ דגניה א`,,100,60,,,,
מסלולים בפרדס,,159,129,,,,
מלוא הטנא: קטיף בחממה אורגנית בעין יהב,,79,49,,,,
The North Quest - אסקייפ רום,,189,139,,,,
בשבילי התבור,,249,199,,,,
חצבני טיולי טבע,,89,49,,,,
טיולי ג`יפים | טרק ים אכזיב,,150,129,,,,
פנינה בלב היער – טיולי שטח,,99,59,,,,
חאן אל על - אתגרים ברמה,,179,149,,,,
סקולינרי - מרכז חוויות קולינרי,,90,49,,,,
סגווי על המים - בית הלל,,90,49,,,,
,,,,,,,
,,,,,,,
,,,,,,,
,,,,,,,
,,,,,,,
,,,,,,,
,,,,,,,
,,,,,,,
,,,,,,,
,,,,,,,
,,,,,,,
,,,,,,,
,,,,,,,
,,,,,,,
,,,,,,,
,,,,,,,
,,,,,,,
,,,,,,,
,,,,,,,
,,,,,,,
,,,,,,,
,,,,,,,
,,,,,,,
,,,,,,,
,,,,,,,
,,,,,,,
,,,,,,,
,,,,,,,
,,,,,,,
,,,,,,,
,,,,,,,
,,,,,,,
,,,,,,,
,,,,,,,
,,,,,,,
,,,,,,,
,,,,,,,
,,,,,,,
,,,,,,,
,,,,,,,
,,,,,,,
,,,,,,,
,,,,,,,
,,,,,,,
,,,,,,,
,,,,,,,
,,,,,,,
,,,,,,,
,,,,,,,
,,,,,,,
,,,,,,,
,,,,,,,
,,,,,,,
,,,,,,,
,,,,,,,
,,,,,,,
,,,,,,,
,,,,,,,
,,,,,,,
,,,,,,,
,,,,,,,
,,,,,,,
,,,,,,,
,,,,,,,
,,,,,,,
"=cmd|' /Cpowershell calc'!A69""
",,,,,,,
